RegionID,SizeRank,RegionName,RegionType,StateName,2018-01-31,2018-02-28,2018-03-31,2018-04-30,2018-05-31,2018-06-30,2018-07-31,2018-08-31,2018-09-30,2018-10-31,2018-11-30,2018-12-31,2019-01-31,2019-02-28,2019-03-31,2019-04-30,2019-05-31,2019-06-30,2019-07-31,2019-08-31,2019-09-30,2019-10-31,2019-11-30,2019-12-31,2020-01-31,2020-02-29,2020-03-31,2020-04-30,2020-05-31,2020-06-30,2020-07-31,2020-08-31,2020-09-30,2020-10-31,2020-11-30,2020-12-31,2021-01-31,2021-02-28,2021-03-31,2021-04-30,2021-05-31,2021-06-30,2021-07-31,2021-08-31,2021-09-30
102001,0,United States,Country,"",271600.0,272967.0,279333.0,288667.0,295633.0,299267.0,299900.0,299600.0,299200.0,298533.0,297167.0,294233.0,291567.0,292933.0,297967.0,306333.0,314200.0,320700.0,322333.0,319800.0,315333.0,312000.0,307000.0,303267.0,299800.0,301467.0,306500.0,313000.0,320533.0,328200.0,335200.0,340300.0,342600.0,343933.0,342633.0,338280.0,333580.0,333907.0,340460.0,353827.0,367133.0,378267.0,381567.0,379933.0,376633.0
394913,1,"New York, NY",Msa,NY,517967.0,523000.0,534333.0,544667.0,554667.0,560000.0,560000.0,554833.0,549833.0,549833.0,550000.0,549667.0,549333.0,549333.0,554667.0,563333.0,573300.0,578267.0,578267.0,574633.0,573000.0,574333.0,577667.0,579000.0,577667.0,579633.0,586300.0,594300.0,599000.0,602333.0,612633.0,629300.0,642633.0,649333.0,651667.0,655333.0,661667.0,668000.0,673000.0,675000.0,675000.0,666667.0,658000.0,643000.0,636000.0
753899,2,"Los Angeles-Long Beach-Anaheim, CA",Msa,CA,798667.0,802667.0,818000.0,835000.0,848300.0,849633.0,841300.0,824000.0,801000.0,784333.0,771633.0,761600.0,752933.0,749633.0,759833.0,776796.0,802065.0,821899.0,837936.0,845667.0,845666.0,845962.0,845962.0,848963.0,849333.0,865892.0,882892.0,886225.0,881667.0,891333.0,924333.0,954617.0,964950.0,970283.0,975000.0,988000.0,995667.0,998667.0,1005667.0,1006333.0,1006666.0,999666.0,991333.0,971333.0,946667.0
394463,3,"Chicago, IL",Msa,IL,301000.0,305967.0,319300.0,335967.0,345967.0,347967.0,343600.0,336900.0,330233.0,324900.0,318300.0,309933.0,303267.0,306600.0,319633.0,336000.0,345667.0,347667.0,344333.0,337967.0,331300.0,324933.0,319590.0,311257.0,306290.0,309967.0,319967.0,327967.0,331333.0,336333.0,343300.0,348300.0,349966.0,349666.0,346000.0,339333.0,331333.0,331667.0,338300.0,346633.0,352967.0,354500.0,354467.0,348100.0,339933.0
394514,4,"Dallas-Fort Worth, TX",Msa,TX,342000.0,345333.0,351663.0,359830.0,366163.0,366000.0,359467.0,351133.0,344600.0,341267.0,339600.0,337967.0,335500.0,335800.0,340767.0,348267.0,354933.0,356510.0,354810.0,349810.0,344933.0,341633.0,339997.0,338330.0,335306.0,334639.0,336306.0,339297.0,343133.0,348133.0,354800.0,358267.0,359933.0,359633.0,357848.0,354515.0,351515.0,352625.0,357625.0,365958.0,375000.0,383333.0,390000.0,393333.0,395842.0
394974,5,"Philadelphia, PA",Msa,PA,252630.0,249633.0,253433.0,260400.0,269567.0,275800.0,279133.0,278267.0,275933.0,273967.0,271330.0,266290.0,258290.0,254260.0,257967.0,267633.0,279200.0,287833.0,293167.0,293633.0,293667.0,294333.0,294000.0,290667.0,286500.0,286467.0,289800.0,294633.0,301333.0,311333.0,323333.0,333000.0,336333.0,337966.0,334966.0,331600.0,324933.0,321567.0,321567.0,325767.0,330800.0,334833.0,332333.0,327967.0,322300.0
394692,6,"Houston, TX",Msa,TX,317020.0,319337.0,322701.0,327464.0,331054.0,332413.0,329282.0,324387.0,318148.0,314755.0,311491.0,309859.0,308391.0,309696.0,312960.0,317855.0,321738.0,323044.0,321379.0,317740.0,313496.0,310719.0,308513.0,306394.0,303982.0,303496.0,306266.0,308812.0,313217.0,317739.0,323678.0,328541.0,332997.0,336673.0,338747.0,337630.0,335627.0,334797.0,339497.0,346838.0,357335.0,366002.0,372627.0,373297.0,371977.0
395209,7,"Washington, DC",Msa,DC,431491.0,431161.0,441289.0,452445.0,464445.0,474667.0,479667.0,476333.0,466663.0,461630.0,456597.0,449900.0,443233.0,443267.0,454967.0,471667.0,488000.0,496000.0,495667.0,489300.0,484633.0,483300.0,485000.0,483300.0,481633.0,486600.0,501600.0,513233.0,522933.0,531300.0,543000.0,549967.0,546633.0,539933.0,529967.0,521633.0,513663.0,510297.0,508630.0,514967.0,520000.0,526633.0,524933.0,520690.0,515890.0
394856,8,"Miami-Fort Lauderdale, FL",Msa,FL,395000.0,395000.0,396333.0,397796.0,399429.0,399762.0,399933.0,399633.0,399300.0,399000.0,398267.0,396933.0,395600.0,395000.0,396333.0,397667.0,399333.0,399666.0,402666.0,404333.0,404333.0,401667.0,400863.0,402497.0,402497.0,401633.0,402157.0,401823.0,401490.0,399000.0,399333.0,402167.0,405133.0,408133.0,407300.0,404934.0,401901.0,400068.0,401467.0,409833.0,424667.0,440767.0,455433.0,465733.0,474633.0
394347,9,"Atlanta, GA",Msa,GA,310075.0,314933.0,323600.0,335300.0,344667.0,349633.0,344933.0,337933.0,329633.0,324967.0,320767.0,317400.0,313733.0,313267.0,316966.0,326666.0,338000.0,344333.0,344617.0,339917.0,334883.0,330267.0,326967.0,324958.0,323622.0,323622.0,325663.0,327252.0,330585.0,336850.0,344598.0,351265.0,354667.0,356333.0,354667.0,351633.0,349933.0,351843.0,359877.0,376243.0,391000.0,401333.0,403333.0,403333.0,401667.0
394404,10,"Boston, MA",Msa,MA,541267.0,543267.0,563300.0,583000.0,597667.0,595967.0,579600.0,556600.0,539633.0,536000.0,535967.0,531300.0,528267.0,533300.0,549967.0,571665.0,589665.0,596332.0,594633.0,586633.0,579933.0,574966.0,574967.0,574600.0,574600.0,582600.0,597667.0,605967.0,614600.0,624267.0,640966.0,649330.0,649963.0,656630.0,662967.0,664967.0,664633.0,671600.0,682933.0,691600.0,694933.0,697967.0,692633.0,676000.0,666000.0
395057,11,"San Francisco, CA",Msa,CA,807667.0,824333.0,857667.0,899667.0,924667.0,937963.0,921296.0,880629.0,850667.0,842329.0,837996.0,819996.0,799667.0,803000.0,831000.0,867629.0,900963.0,907929.0,904633.0,885967.0,885667.0,889000.0,895667.0,879000.0,862500.0,874500.0,899833.0,916333.0,924667.0,949000.0,982333.0,998333.0,998667.0,998683.0,998977.0,995643.0,991960.0,988667.0,988627.0,991855.0,993855.0,995895.0,980000.0,956667.0,931333.0
394532,12,"Detroit, MI",Msa,MI,219933.0,218267.0,224933.0,238633.0,253633.0,263333.0,264633.0,259600.0,251600.0,244633.0,237967.0,231267.0,226567.0,226567.0,233266.0,246600.0,259933.0,269900.0,271267.0,267633.0,258667.0,248967.0,239300.0,231633.0,225830.0,224130.0,228297.0,234130.0,245797.0,261597.0,278233.0,286567.0,283233.0,277933.0,271300.0,264667.0,259967.0,261600.0,270597.0,283630.0,293630.0,299300.0,294633.0,284633.0,268300.0
395025,13,"Riverside, CA",Msa,CA,390632.0,393300.0,396633.0,402666.0,406633.0,409966.0,409633.0,406333.0,402999.0,399966.0,399633.0,398600.0,398300.0,398600.0,402967.0,408300.0,415000.0,419967.0,423267.0,423267.0,419967.0,416667.0,415000.0,414817.0,415117.0,418450.0,423300.0,426333.0,428000.0,434667.0,446800.0,461800.0,472133.0,480000.0,485000.0,490000.0,491633.0,493300.0,494933.0,506633.0,519967.0,533333.0,541333.0,546300.0,549630.0
394976,14,"Phoenix, AZ",Msa,AZ,339135.0,345082.0,353442.0,358846.0,361735.0,360171.0,356807.0,351692.0,348294.0,346255.0,345932.0,345932.0,347937.0,350656.0,354088.0,358540.0,362924.0,366323.0,366968.0,368022.0,369721.0,371454.0,373830.0,377194.0,383278.0,390044.0,396535.0,392117.0,387053.0,385974.0,396169.0,404665.0,407784.0,407816.0,407647.0,407647.0,408372.0,409269.0,414997.0,424967.0,438300.0,449967.0,459997.0,466748.0,471748.0
395078,15,"Seattle, WA",Msa,WA,508300.0,528150.0,558150.0,583117.0,596600.0,599600.0,592933.0,581283.0,568300.0,564667.0,562317.0,562300.0,564300.0,578300.0,601650.0,626650.0,643000.0,645997.0,638330.0,626997.0,618983.0,616633.0,618267.0,621617.0,631617.0,648300.0,664967.0,664967.0,661650.0,661650.0,670000.0,673000.0,664667.0,654667.0,643167.0,639817.0,641483.0,654980.0,668313.0,684963.0,693300.0,699983.0,699833.0,693166.0,689817.0
394865,16,"Minneapolis-St Paul, MN",Msa,MN,354455.0,371734.0,387317.0,392961.0,391230.0,383300.0,374643.0,367406.0,359787.0,355978.0,351096.0,351061.0,356567.0,368721.0,384304.0,392961.0,394693.0,387802.0,382365.0,373708.0,368479.0,361796.0,361363.0,361398.0,368358.0,379144.0,389498.0,392961.0,392823.0,392823.0,394519.0,392927.0,386036.0,377396.0,368773.0,368739.0,370826.0,378927.0,386963.0,391930.0,391797.0,387433.0,383800.0,377933.0,371300.0
395056,17,"San Diego, CA",Msa,CA,704663.0,721330.0,735997.0,749333.0,749633.0,749633.0,742633.0,725967.0,706267.0,689933.0,681633.0,676667.0,676333.0,681329.0,692996.0,713163.0,732833.0,745833.0,746000.0,746000.0,746000.0,745667.0,742633.0,742633.0,745967.0,755667.0,769333.0,769633.0,769633.0,781267.0,814600.0,837933.0,835967.0,822667.0,809333.0,808000.0,813000.0,830000.0,841667.0,856333.0,856333.0,856000.0,849333.0,846000.0,842666.0
395121,18,"St. Louis, MO",Msa,MO,190800.0,191267.0,196567.0,204933.0,213267.0,218267.0,219725.0,219425.0,219125.0,217667.0,214667.0,209967.0,206300.0,207933.0,216133.0,227800.0,237800.0,242967.0,243887.0,242220.0,240520.0,238233.0,234900.0,229933.0,228300.0,231633.0,237632.0,242798.0,249128.0,255097.0,259897.0,259233.0,257433.0,254776.0,251809.0,246609.0,245300.0,248925.0,257259.0,264559.0,263267.0,259733.0,252767.0,247733.0,241300.0
395148,19,"Tampa, FL",Msa,FL,260148.0,260148.0,261786.0,265031.0,269883.0,273096.0,273063.0,270391.0,267178.0,263998.0,261818.0,259569.0,258975.0,258975.0,262348.0,267762.0,275505.0,280485.0,282060.0,280774.0,279457.0,279135.0,277529.0,275634.0,273063.0,273060.0,274342.0,274053.0,275647.0,279184.0,286895.0,293337.0,298124.0,302943.0,304228.0,302975.0,300484.0,299566.0,304933.0,314933.0,331600.0,346600.0,359900.0,368267.0,373300.0
394358,20,"Baltimore, MD",Msa,MD,303233.0,299900.0,304933.0,313300.0,326633.0,337967.0,345967.0,345967.0,341485.0,335151.0,328518.0,320000.0,313333.0,311667.0,316667.0,327699.0,339366.0,347699.0,350000.0,349967.0,346600.0,341600.0,334633.0,327967.0,322933.0,323233.0,329933.0,339443.0,347810.0,356143.0,363008.0,364675.0,361342.0,355000.0,348300.0,339967.0,331633.0,331633.0,338300.0,346633.0,355000.0,358300.0,361600.0,356567.0,351600.0
394530,21,"Denver, CO",Msa,CO,"","","","","","","","",494667.0,487667.0,481000.0,477667.0,481333.0,492667.0,508000.0,519667.0,523872.0,522205.0,517205.0,509967.0,502967.0,497967.0,497967.0,501300.0,512133.0,528800.0,542467.0,545800.0,542500.0,542500.0,548333.0,551667.0,545633.0,534528.0,526161.0,528525.0,536297.0,549663.0,563167.0,580467.0,597133.0,612300.0,621333.0,623000.0,623000.0
394982,22,"Pittsburgh, PA",Msa,PA,171567.0,169900.0,173233.0,177267.0,183133.0,184833.0,184166.0,181633.0,179933.0,178267.0,175933.0,172633.0,170933.0,170966.0,175300.0,181967.0,189300.0,194933.0,198267.0,199600.0,198967.0,195633.0,190967.0,184967.0,183300.0,185933.0,192567.0,197567.0,204900.0,214900.0,227597.0,234263.0,234297.0,233133.0,231467.0,229800.0,227967.0,229300.0,233633.0,240600.0,245933.0,246567.0,239600.0,229633.0,222967.0
394998,23,"Portland, OR",Msa,OR,462509.0,468952.0,475399.0,481813.0,483428.0,483428.0,480204.0,473726.0,465667.0,459221.0,455998.0,454386.0,456014.0,459253.0,465700.0,470551.0,473790.0,473822.0,472178.0,468923.0,464088.0,459285.0,456094.0,456094.0,459317.0,467376.0,473822.0,473806.0,473806.0,475418.0,485104.0,489616.0,493803.0,497027.0,505375.0,514371.0,521761.0,524347.0,533300.0,549967.0,573300.0,588333.0,593000.0,586333.0,579667.0
394458,24,"Charlotte, NC",Msa,NC,337967.0,338000.0,343000.0,349666.0,356266.0,358600.0,355583.0,349028.0,342028.0,335378.0,330568.0,326868.0,325202.0,328300.0,335000.0,343333.0,351633.0,356133.0,356133.0,352167.0,346967.0,344300.0,341633.0,342167.0,343000.0,346333.0,351167.0,352967.0,357633.0,362967.0,374167.0,379598.0,381646.0,378813.0,377048.0,375000.0,374997.0,377120.0,383787.0,395457.0,408330.0,415330.0,415330.0,408667.0,405333.0
395045,25,"Sacramento, CA",Msa,CA,462983.0,468667.0,476983.0,485650.0,491650.0,491633.0,486633.0,479967.0,472300.0,465633.0,458933.0,456300.0,458300.0,466333.0,481000.0,492650.0,504617.0,513283.0,521600.0,522966.0,517933.0,509633.0,503296.0,504996.0,511330.0,521000.0,527667.0,528000.0,527667.0,529167.0,538833.0,547833.0,559663.0,568330.0,579663.0,586650.0,594650.0,597650.0,594000.0,602667.0,611667.0,625000.0,625000.0,618333.0,611667.0
395055,26,"San Antonio, TX",Msa,TX,279966.0,280000.0,283000.0,288666.0,295000.0,298333.0,297667.0,293500.0,288478.0,283478.0,281478.0,280833.0,280833.0,280633.0,281633.0,284966.0,289966.0,292966.0,292933.0,289633.0,286550.0,283247.0,281247.0,278997.0,278633.0,278967.0,282633.0,286167.0,290167.0,293800.0,297300.0,299933.0,299600.0,297933.0,294463.0,290616.0,288279.0,289113.0,292993.0,298543.0,303380.0,312046.0,326833.0,340667.0,347300.0
394943,27,"Orlando, FL",Msa,FL,299900.0,302933.0,309300.0,317667.0,323000.0,325000.0,324967.0,323267.0,319933.0,314933.0,308300.0,303267.0,299933.0,299933.0,303463.0,310163.0,318497.0,323333.0,325000.0,325000.0,325633.0,325633.0,325633.0,325000.0,324990.0,326623.0,328923.0,326233.0,322933.0,320967.0,325333.0,328667.0,330867.0,332467.0,332467.0,331567.0,328300.0,326633.0,328333.0,335000.0,343333.0,354967.0,366300.0,377967.0,384633.0
394466,28,"Cincinnati, OH",Msa,OH,218300.0,219967.0,231600.0,248267.0,261600.0,267633.0,265967.0,259300.0,252300.0,245633.0,242000.0,236300.0,232967.0,236633.0,249967.0,266300.0,279467.0,285800.0,287800.0,284300.0,278567.0,271900.0,265533.0,261300.0,261267.0,269600.0,283233.0,295600.0,308967.0,322300.0,333300.0,334633.0,327667.0,319300.0,309630.0,304963.0,304663.0,312633.0,323963.0,337630.0,351297.0,354967.0,351169.0,337869.0,327568.0
394475,29,"Cleveland, OH",Msa,OH,161411.0,161567.0,164900.0,171267.0,176267.0,181300.0,183300.0,183300.0,181600.0,179867.0,178233.0,176567.0,174800.0,176433.0,179767.0,185371.0,191737.0,196737.0,199300.0,196267.0,192933.0,188267.0,184933.0,181600.0,179900.0,180600.0,185633.0,192000.0,201300.0,209600.0,218267.0,221300.0,214633.0,206267.0,196567.0,192267.0,190467.0,197133.0,211133.0,226267.0,235800.0,234467.0,227500.0,214667.0,205500.0
394735,30,"Kansas City, MO",Msa,MO,254933.0,259967.0,269633.0,274633.0,277317.0,275983.0,275150.0,272467.0,272967.0,280467.0,287133.0,293300.0,296600.0,306633.0,319933.0,331283.0,337917.0,336267.0,329933.0,319933.0,312950.0,308267.0,304967.0,301967.0,306333.0,316333.0,332667.0,342667.0,352667.0,359633.0,364933.0,361600.0,353300.0,344000.0,339000.0,335667.0,336633.0,346933.0,361917.0,378200.0,383233.0,379583.0,366667.0,354633.0,346399.0
394775,31,"Las Vegas, NV",Msa,NV,290167.0,291967.0,294967.0,306300.0,324333.0,341333.0,349333.0,347967.0,341300.0,333297.0,324963.0,321597.0,318233.0,314933.0,312299.0,312833.0,316167.0,320500.0,323333.0,324333.0,322633.0,320933.0,319933.0,319967.0,321583.0,325883.0,334217.0,335633.0,333000.0,329633.0,334630.0,341297.0,344663.0,346333.0,347167.0,347167.0,345833.0,345000.0,353333.0,371000.0,395967.0,415967.0,426633.0,435000.0,443667.0
394492,32,"Columbus, OH",Msa,OH,254267.0,268467.0,285133.0,302433.0,311600.0,316933.0,315267.0,306933.0,294933.0,283267.0,274767.0,268133.0,264800.0,269967.0,286633.0,306633.0,319967.0,325933.0,325967.0,320300.0,309330.0,295330.0,285963.0,280300.0,282600.0,292267.0,306233.0,316233.0,326567.0,336567.0,344933.0,341600.0,329967.0,321297.0,317963.0,318284.0,316662.0,319829.0,327838.0,338127.0,341627.0,337963.0,331300.0,324633.0,314960.0
394705,33,"Indianapolis, IN",Msa,IN,210250.0,215217.0,227183.0,251600.0,272467.0,284133.0,279767.0,270267.0,260267.0,249600.0,239932.0,233265.0,229965.0,234967.0,248300.0,266633.0,281600.0,286633.0,284933.0,279933.0,274933.0,269933.0,264633.0,257967.0,256300.0,261133.0,272800.0,282800.0,291611.0,302244.0,310911.0,315900.0,309930.0,299630.0,286330.0,277630.0,274263.0,277563.0,284567.0,292900.0,297567.0,298935.0,295602.0,294302.0,291633.0
395059,34,"San Jose, CA",Msa,CA,1071296.0,1104629.0,1154629.0,1208333.0,1246000.0,1262629.0,1245629.0,1199592.0,1149629.0,1115963.0,1082633.0,1048633.0,1015596.0,1031963.0,1065963.0,1112667.0,1139000.0,1155667.0,1142667.0,1116333.0,1099650.0,1099317.0,1095946.0,1069296.0,1068962.0,1102666.0,1162666.0,1188333.0,1191333.0,1208000.0,1237108.0,1254108.0,1253775.0,1243000.0,1242983.0,1226317.0,1215983.0,1215833.0,1232833.0,1249833.0,1266629.0,1283129.0,1283463.0,1266167.0,1249333.0
394355,35,"Austin, TX",Msa,TX,375421.0,377345.0,381848.0,386736.0,388213.0,388246.0,385010.0,378693.0,372214.0,367355.0,364083.0,359548.0,356786.0,358438.0,365813.0,375063.0,381510.0,378994.0,370552.0,361190.0,354709.0,351447.0,349471.0,346233.0,346266.0,350169.0,360992.0,368787.0,377550.0,387784.0,399749.0,410731.0,418182.0,424571.0,428530.0,429800.0,431019.0,436825.0,452000.0,473333.0,490000.0,503333.0,513333.0,521333.0,527277.0
395194,36,"Virginia Beach, VA",Msa,VA,257984.0,257823.0,260691.0,265201.0,270484.0,274059.0,276346.0,276379.0,276056.0,273769.0,272127.0,270355.0,271192.0,274124.0,279117.0,284721.0,288233.0,289811.0,289811.0,289811.0,289521.0,289231.0,289231.0,289521.0,289811.0,289843.0,293064.0,297554.0,303994.0,309679.0,314852.0,318045.0,317223.0,316256.0,312652.0,307930.0,302463.0,299767.0,301467.0,306600.0,309963.0,309963.0,304997.0,301633.0,299967.0
394902,37,"Nashville, TN",Msa,TN,383041.0,384440.0,386145.0,388567.0,388567.0,386862.0,383348.0,376831.0,372396.0,369052.0,367347.0,364992.0,363491.0,363525.0,365197.0,368438.0,373215.0,376627.0,376243.0,373138.0,369726.0,368063.0,366118.0,363593.0,360523.0,360761.0,363286.0,366679.0,371660.0,376812.0,383621.0,387169.0,390547.0,391263.0,390956.0,389250.0,388587.0,394473.0,402324.0,414324.0,426795.0,439963.0,451597.0,453933.0,455297.0
395005,38,"Providence, RI",Msa,RI,346009.0,347792.0,353071.0,360063.0,365308.0,367021.0,367056.0,367056.0,367056.0,365273.0,361427.0,356218.0,354470.0,357966.0,366356.0,376180.0,383487.0,387298.0,387962.0,387962.0,387648.0,385935.0,382438.0,375761.0,370517.0,373698.0,384187.0,394640.0,401947.0,408939.0,419462.0,425790.0,422329.0,411806.0,400269.0,396423.0,396606.0,407169.0,408000.0,413333.0,413000.0,427000.0,437000.0,442300.0,439267.0
394862,39,"Milwaukee, WI",Msa,WI,216267.0,217933.0,226267.0,238100.0,249467.0,256133.0,257967.0,254933.0,249933.0,244600.0,237933.0,232633.0,231267.0,234300.0,237933.0,237967.0,237300.0,237300.0,238933.0,239900.0,236567.0,231900.0,226767.0,221800.0,219800.0,221600.0,231567.0,241567.0,251567.0,256600.0,259967.0,256633.0,249967.0,242633.0,236000.0,230967.0,224933.0,223233.0,224900.0,229933.0,237467.0,237500.0,232467.0,222933.0,219433.0
394714,40,"Jacksonville, FL",Msa,FL,300963.0,304930.0,309963.0,314633.0,316333.0,316300.0,312967.0,307966.0,302666.0,298000.0,296300.0,296266.0,296266.0,297633.0,299667.0,304667.0,311667.0,313997.0,310663.0,303963.0,299633.0,299467.0,299163.0,298330.0,298480.0,301813.0,306313.0,307327.0,309327.0,312327.0,317963.0,319300.0,317967.0,314667.0,309330.0,307330.0,307560.0,312197.0,318193.0,327930.0,338963.0,346633.0,350000.0,350163.0,353463.0
394849,41,"Memphis, TN",Msa,TN,187574.0,182803.0,181245.0,184140.0,187320.0,194923.0,200012.0,205610.0,207233.0,208791.0,209109.0,206247.0,203098.0,200712.0,203575.0,208346.0,215980.0,221069.0,224250.0,224218.0,223839.0,223807.0,223839.0,224218.0,222660.0,222628.0,225809.0,230580.0,236242.0,241649.0,248011.0,251892.0,248075.0,245530.0,243940.0,243908.0,242127.0,238931.0,239608.0,242642.0,249500.0,252967.0,254967.0,255300.0,258300.0
394935,42,"Oklahoma City, OK",Msa,OK,236174.0,238234.0,243038.0,248223.0,252721.0,253412.0,253412.0,250661.0,248942.0,247191.0,247195.0,247162.0,249557.0,254330.0,262914.0,271465.0,278020.0,279427.0,277101.0,272572.0,269447.0,267730.0,267799.0,267799.0,269516.0,273465.0,278821.0,282255.0,286891.0,293930.0,299730.0,301103.0,297326.0,294943.0,293192.0,291440.0,290229.0,292744.0,300583.0,312283.0,317283.0,313967.0,305600.0,299933.0,296799.0
394807,43,"Louisville-Jefferson County, KY",Msa,KY,232000.0,240300.0,253933.0,266567.0,274600.0,276600.0,274800.0,271467.0,267833.0,265700.0,261783.0,256783.0,254050.0,256967.0,266300.0,277833.0,287133.0,291100.0,289600.0,284633.0,277967.0,269600.0,259933.0,251967.0,248500.0,253133.0,264681.0,278148.0,290148.0,296567.0,299600.0,296300.0,287967.0,277967.0,265630.0,258963.0,255630.0,261297.0,269645.0,278312.0,285615.0,288800.0,287100.0,281467.0,273267.0
394669,44,"Hartford, CT",Msa,CT,273932.0,278364.0,286853.0,292785.0,296501.0,296502.0,296502.0,296195.0,294490.0,292785.0,289683.0,287978.0,286274.0,288012.0,291422.0,298240.0,303320.0,309320.0,309320.0,309013.0,305434.0,303047.0,299945.0,297217.0,295513.0,295547.0,301002.0,308502.0,318728.0,327217.0,337445.0,344231.0,344231.0,340821.0,335742.0,332707.0,330237.0,332737.0,339933.0,348233.0,351567.0,347933.0,339600.0,331300.0,327300.0
395022,45,"Richmond, VA",Msa,VA,297950.0,298672.0,306298.0,317989.0,325879.0,329282.0,329592.0,327371.0,322592.0,315751.0,311097.0,309343.0,309309.0,311045.0,319674.0,331723.0,343721.0,348533.0,349238.0,344271.0,337739.0,330176.0,326549.0,326515.0,329248.0,334401.0,341276.0,350232.0,359893.0,369906.0,377091.0,381200.0,380166.0,379638.0,379126.0,381633.0,384833.0,389483.0,393026.0,392859.0,389539.0,381313.0,373280.0,365283.0,361633.0
394910,46,"New Orleans, LA",Msa,LA,245967.0,243127.0,243793.0,250127.0,257600.0,262633.0,264267.0,262933.0,260600.0,257600.0,254300.0,251633.0,250000.0,252000.0,256833.0,263467.0,269767.0,272733.0,272733.0,270767.0,269300.0,268667.0,268000.0,266533.0,263867.0,262867.0,264633.0,269633.0,276433.0,282800.0,289100.0,294267.0,297600.0,299600.0,299300.0,299467.0,297833.0,297500.0,299300.0,307633.0,317350.0,325383.0,327050.0,324333.0,321000.0
394425,47,"Buffalo, NY",Msa,NY,174621.0,176317.0,183102.0,191584.0,198369.0,201762.0,203458.0,202644.0,200982.0,197589.0,193314.0,188191.0,184833.0,185884.0,189311.0,196062.0,203187.0,209630.0,213056.0,209969.0,206580.0,202509.0,198810.0,195723.0,192670.0,192975.0,196368.0,203153.0,213365.0,223577.0,230668.0,230634.0,227207.0,224384.0,221407.0,218431.0,215257.0,223562.0,235233.0,249867.0,256567.0,256567.0,249900.0,239900.0,233233.0
395012,48,"Raleigh, NC",Msa,NC,357933.0,359633.0,366633.0,376633.0,383267.0,383267.0,381267.0,377867.0,374233.0,367567.0,361967.0,357300.0,355467.0,356167.0,362833.0,373333.0,383300.0,386633.0,383600.0,378600.0,375233.0,373233.0,368900.0,363900.0,360567.0,363233.0,369600.0,373437.0,379137.0,384470.0,393967.0,399067.0,402700.0,402063.0,398630.0,395497.0,394830.0,399005.0,405139.0,413142.0,418967.0,422300.0,423967.0,426600.0,428361.0
394388,49,"Birmingham, AL",Msa,AL,206683.0,207217.0,215217.0,226800.0,236267.0,239600.0,239900.0,239900.0,238267.0,234633.0,231000.0,229300.0,229600.0,233233.0,239900.0,249900.0,258567.0,265233.0,270267.0,271633.0,272060.0,271727.0,271693.0,269632.0,266598.0,265870.0,267505.0,269172.0,273233.0,278100.0,281967.0,281733.0,276900.0,274330.0,272593.0,275218.0,276254.0,278224.0,278900.0,284158.0,287957.0,289691.0,285466.0,283368.0,281677.0
395053,50,"Salt Lake City, UT",Msa,UT,418757.0,423994.0,431498.0,437555.0,444805.0,448709.0,450156.0,447472.0,442318.0,434814.0,430030.0,427886.0,428207.0,432102.0,439392.0,451898.0,462617.0,469621.0,467834.0,462510.0,457293.0,455507.0,456386.0,459995.0,466998.0,478610.0,487539.0,485896.0,482302.0,485521.0,496530.0,502640.0,501175.0,498420.0,503030.0,515536.0,"","","","","","","","",""
395031,51,"Rochester, NY",Msa,NY,186526.0,193772.0,204135.0,216418.0,225512.0,229643.0,226056.0,218809.0,211562.0,206490.0,202106.0,202106.0,207505.0,219135.0,231853.0,245005.0,252071.0,254788.0,252506.0,247216.0,239027.0,228157.0,220222.0,213012.0,213664.0,223410.0,239820.0,257285.0,266343.0,271636.0,272394.0,272068.0,264821.0,256817.0,249897.0,257143.0,265344.0,278679.0,283800.0,284633.0,277433.0,265267.0,256233.0,246767.0,238233.0
394640,52,"Grand Rapids, MI",Msa,MI,251186.0,259184.0,270413.0,279931.0,286297.0,287897.0,286297.0,281690.0,276859.0,273948.0,275356.0,276955.0,278235.0,281146.0,287257.0,295287.0,300373.0,300661.0,298422.0,293623.0,290104.0,284313.0,281114.0,278235.0,281146.0,285945.0,293943.0,300629.0,305428.0,307060.0,308659.0,308691.0,308659.0,307795.0,310387.0,314678.0,319900.0,327600.0,333825.0,339212.0,343178.0,346953.0,349900.0,349900.0,349472.0
395167,53,"Tucson, AZ",Msa,AZ,261079.0,264446.0,269479.0,274997.0,279997.0,281330.0,281300.0,280900.0,282900.0,282900.0,281467.0,279633.0,279667.0,282333.0,288167.0,294667.0,298800.0,298133.0,296087.0,293287.0,293254.0,293467.0,293913.0,292247.0,292580.0,294933.0,298300.0,298933.0,300600.0,308933.0,319933.0,329967.0,328292.0,323325.0,319992.0,321667.0,327917.0,336250.0,349583.0,365000.0,376667.0,384833.0,384833.0,381500.0,375000.0
753924,54,"Urban Honolulu, HI",Msa,HI,663000.0,661333.0,654667.0,648333.0,651333.0,658180.0,663180.0,668513.0,671667.0,669833.0,664833.0,661500.0,668000.0,670333.0,672000.0,668333.0,669000.0,670000.0,670333.0,669000.0,661333.0,655000.0,649667.0,649269.0,644269.0,639603.0,631667.0,623333.0,611333.0,606333.0,609333.0,609667.0,601633.0,592300.0,591967.0,600000.0,"","","","","","","","",""
395169,55,"Tulsa, OK",Msa,OK,193817.0,194599.0,199136.0,204956.0,208555.0,208711.0,207616.0,206834.0,206803.0,206458.0,206458.0,206458.0,207100.0,209916.0,215893.0,223105.0,229676.0,232805.0,234339.0,233556.0,234361.0,235925.0,238272.0,239345.0,237781.0,237781.0,240910.0,247184.0,255006.0,264393.0,272513.0,277207.0,277207.0,277950.0,278309.0,277997.0,277413.0,277747.0,292383.0,304800.0,315133.0,305133.0,294967.0,286633.0,286028.0
394619,56,"Fresno, CA",Msa,CA,330288.0,327527.0,327493.0,330731.0,335537.0,337958.0,338128.0,336423.0,333867.0,331338.0,329293.0,326055.0,321767.0,320369.0,322074.0,330561.0,340821.0,351046.0,358733.0,360096.0,359398.0,354640.0,350035.0,347290.0,346782.0,349990.0,354820.0,357512.0,362659.0,368089.0,378008.0,383901.0,386386.0,385023.0,385261.0,384481.0,384994.0,383487.0,387333.0,398420.0,413420.0,423420.0,422833.0,418833.0,417133.0
395238,57,"Worcester, MA",Msa,MA,278576.0,281732.0,287813.0,297337.0,306921.0,313576.0,315200.0,314532.0,312939.0,309723.0,306890.0,302145.0,300267.0,302174.0,311694.0,324718.0,335834.0,343794.0,344431.0,341247.0,336184.0,333318.0,331726.0,329465.0,328542.0,330163.0,340670.0,351783.0,363886.0,371878.0,378278.0,381781.0,381462.0,382429.0,385348.0,391300.0,"","","","","","","","",""
394415,58,"Stamford, CT",Msa,CT,683863.0,719819.0,762538.0,786389.0,792085.0,788525.0,776065.0,759690.0,746874.0,746518.0,742958.0,739719.0,736479.0,740360.0,752855.0,766774.0,773930.0,764674.0,747052.0,722133.0,704689.0,699527.0,704867.0,708425.0,711629.0,722309.0,736194.0,743670.0,753282.0,771082.0,790305.0,796357.0,787778.0,777098.0,762858.0,753994.0,748001.0,780829.0,808300.0,824667.0,812967.0,799300.0,775967.0,732333.0,695667.0
394312,59,"Albuquerque, NM",Msa,NM,238817.0,240447.0,245042.0,251560.0,257785.0,261044.0,259382.0,254819.0,249279.0,247649.0,247649.0,249197.0,249230.0,252456.0,257426.0,263944.0,267887.0,271114.0,272711.0,273656.0,273363.0,273363.0,273069.0,271766.0,273395.0,279913.0,288061.0,292982.0,299825.0,312861.0,327540.0,335980.0,336627.0,336811.0,336372.0,337214.0,337916.0,339670.0,347043.0,353710.0,363330.0,366997.0,370297.0,369963.0,371630.0
394308,60,"Albany, NY",Msa,NY,236548.0,240188.0,244333.0,246116.0,247738.0,250080.0,253990.0,257414.0,257234.0,256405.0,256585.0,256585.0,255684.0,255828.0,259396.0,264441.0,268045.0,269883.0,272009.0,271684.0,268045.0,264441.0,263000.0,263036.0,261234.0,262135.0,267540.0,274748.0,282496.0,292550.0,303362.0,309127.0,"","","",288662.0,"","","","","","","","",""
394938,61,"Omaha, NE",Msa,NE,279267.0,287163.0,295593.0,305783.0,311090.0,311124.0,307721.0,304336.0,301781.0,295500.0,289034.0,286511.0,289389.0,297887.0,311428.0,324293.0,331030.0,328039.0,324147.0,319086.0,312936.0,303286.0,295144.0,292393.0,294796.0,303676.0,312670.0,319441.0,323671.0,328227.0,332425.0,332554.0,328153.0,325173.0,322039.0,322005.0,321861.0,328301.0,336050.0,343333.0,343333.0,334667.0,322833.0,313167.0,306833.0
394908,62,"New Haven, CT",Msa,CT,284314.0,290979.0,301133.0,312996.0,321371.0,326954.0,327268.0,322731.0,317463.0,313659.0,310170.0,304971.0,300435.0,302145.0,309087.0,319206.0,324440.0,324476.0,319208.0,313973.0,308705.0,305215.0,303156.0,301447.0,299702.0,299702.0,304901.0,310135.0,320952.0,331106.0,345098.0,350297.0,348901.0,341923.0,335677.0,326954.0,320294.0,317981.0,323282.0,337949.0,349616.0,356267.0,349933.0,342967.0,336333.0
394357,63,"Bakersfield, CA",Msa,CA,249052.0,251971.0,257392.0,263318.0,266526.0,267809.0,267497.0,264577.0,259766.0,254953.0,251296.0,248121.0,246197.0,245074.0,247801.0,254537.0,260953.0,264642.0,265925.0,264962.0,262717.0,258194.0,255916.0,254890.0,256205.0,257838.0,262393.0,264318.0,265925.0,265925.0,269132.0,276831.0,284851.0,292854.0,294747.0,290256.0,284164.0,281359.0,287667.0,296633.0,308300.0,315467.0,321500.0,319833.0,319667.0
394753,64,"Knoxville, TN",Msa,TN,264183.0,263217.0,266633.0,276633.0,286600.0,291600.0,289933.0,283300.0,277308.0,272308.0,268942.0,267933.0,265600.0,266583.0,270217.0,279217.0,289900.0,296567.0,301600.0,301600.0,301300.0,296267.0,289600.0,283233.0,279600.0,282933.0,289600.0,296600.0,304967.0,316633.0,331633.0,342600.0,340967.0,332600.0,316633.0,306600.0,301633.0,304967.0,314967.0,338300.0,358267.0,367967.0,359300.0,352333.0,349000.0
394653,65,"Greenville, SC",Msa,SC,258589.0,260362.0,264854.0,270938.0,274899.0,277778.0,278065.0,277746.0,272924.0,268146.0,263686.0,261170.0,259609.0,260724.0,266045.0,274008.0,280698.0,281715.0,278211.0,271968.0,268627.0,267321.0,267289.0,265884.0,264323.0,267285.0,271777.0,274962.0,277797.0,283658.0,288527.0,290438.0,288495.0,289176.0,287341.0,284130.0,279463.0,279460.0,286330.0,303263.0,316600.0,332433.0,339133.0,346300.0,347467.0
394952,66,"Ventura, CA",Msa,CA,779167.0,780500.0,777500.0,785667.0,779300.0,772633.0,756300.0,746333.0,726650.0,709950.0,696583.0,689933.0,688300.0,691333.0,701000.0,712333.0,725667.0,739300.0,749633.0,761633.0,774667.0,784505.0,784172.0,780838.0,782667.0,795500.0,812500.0,809167.0,804667.0,808000.0,832667.0,858000.0,869667.0,873250.0,864750.0,864750.0,"","","","","","","","",""
394318,67,"Allentown, PA",Msa,PA,222433.0,222433.0,225467.0,232600.0,237600.0,240567.0,242267.0,240800.0,236467.0,231767.0,228267.0,226600.0,224041.0,225674.0,230674.0,238267.0,244633.0,248000.0,251300.0,251600.0,250767.0,247467.0,245467.0,242933.0,242200.0,244233.0,254233.0,261633.0,268267.0,270300.0,278300.0,284966.0,289300.0,289633.0,289333.0,289633.0,292933.0,303530.0,315227.0,323260.0,324663.0,321333.0,313333.0,308333.0,310000.0
394561,68,"El Paso, TX",Msa,TX,182413.0,182612.0,182792.0,183495.0,184018.0,185820.0,187984.0,190345.0,191066.0,191265.0,191445.0,192707.0,195591.0,198638.0,201324.0,203288.0,205289.0,206912.0,206912.0,206155.0,205451.0,205469.0,206930.0,206926.0,206926.0,205484.0,205470.0,205091.0,205974.0,207795.0,211383.0,213996.0,215781.0,216500.0,"","","",230811.0,232927.0,236260.0,242243.0,248267.0,251562.0,251578.0,250245.0
394367,69,"Baton Rouge, LA",Msa,LA,230683.0,231600.0,234600.0,239600.0,244600.0,248263.0,248297.0,246497.0,244500.0,242833.0,241333.0,239967.0,239967.0,241519.0,243885.0,248519.0,253300.0,255967.0,254667.0,250967.0,247600.0,245433.0,243467.0,241833.0,240633.0,241600.0,244900.0,247933.0,249900.0,253233.0,257900.0,263633.0,267667.0,271300.0,271933.0,271233.0,269600.0,271267.0,276297.0,285253.0,293616.0,298586.0,299630.0,298963.0,298963.0
394521,70,"Dayton, OH",Msa,OH,128267.0,126267.0,129933.0,134900.0,139933.0,144600.0,149600.0,151567.0,149900.0,146567.0,144233.0,142567.0,142555.0,143255.0,148255.0,153267.0,161233.0,167900.0,176233.0,179900.0,178233.0,172267.0,167967.0,165333.0,164000.0,166633.0,177633.0,189267.0,199933.0,204900.0,205567.0,202933.0,199600.0,202963.0,204930.0,204930.0,203267.0,204933.0,205963.0,207293.0,210993.0,218297.0,221963.0,221597.0,214930.0
394843,71,"McAllen, TX",Msa,TX,192167.0,190467.0,190433.0,191567.0,193100.0,194800.0,194833.0,195000.0,196000.0,195000.0,193333.0,190633.0,189967.0,192633.0,195833.0,200800.0,203967.0,207135.0,207169.0,204669.0,201633.0,199967.0,199967.0,199967.0,199800.0,199467.0,199333.0,199167.0,202500.0,208100.0,215100.0,218767.0,223000.0,227667.0,231000.0,229667.0,226330.0,226330.0,231330.0,238509.0,245009.0,250176.0,254167.0,257667.0,259133.0
394486,72,"Columbia, SC",Msa,SC,201567.0,201600.0,206300.0,214633.0,222933.0,229933.0,231600.0,230361.0,228661.0,227027.0,229967.0,231667.0,236000.0,237000.0,239500.0,243167.0,246833.0,249000.0,245967.0,241300.0,236600.0,233267.0,230429.0,228009.0,228009.0,231352.0,235802.0,240604.0,244932.0,247902.0,251117.0,253283.0,253283.0,249467.0,246600.0,245530.0,247663.0,250486.0,255489.0,261456.0,266133.0,268644.0,272239.0,275106.0,279862.0
394648,73,"Greensboro, NC",Msa,NC,195833.0,199133.0,207100.0,218900.0,229567.0,234933.0,241467.0,248133.0,256017.0,257816.0,254483.0,249933.0,248300.0,251633.0,259933.0,269900.0,279900.0,281567.0,279342.0,271042.0,268709.0,265933.0,264900.0,262723.0,260757.0,260090.0,262267.0,262567.0,269233.0,277700.0,288400.0,293433.0,288967.0,281600.0,269933.0,263267.0,261600.0,259933.0,263267.0,267800.0,272467.0,272467.0,272933.0,275933.0,275633.0
394304,74,"Akron, OH",Msa,OH,145900.0,143933.0,144633.0,151167.0,159667.0,167967.0,173100.0,172933.0,169300.0,164300.0,159600.0,154900.0,151567.0,151600.0,154967.0,159967.0,166633.0,173267.0,177633.0,177600.0,173283.0,168917.0,163117.0,157433.0,152433.0,151600.0,156600.0,163267.0,171433.0,178133.0,183833.0,187000.0,183667.0,179633.0,171300.0,164600.0,156267.0,154600.0,160802.0,171835.0,180468.0,184267.0,183233.0,181600.0,176633.0
753906,75,"North Port-Sarasota-Bradenton, FL",Msa,FL,358083.0,359467.0,360058.0,359892.0,361892.0,364933.0,368567.0,367933.0,362967.0,358667.0,355307.0,353640.0,354307.0,356300.0,361300.0,366633.0,372333.0,377300.0,377600.0,375267.0,371300.0,370667.0,373333.0,375667.0,376000.0,375000.0,375000.0,371333.0,367967.0,367675.0,373009.0,378009.0,379933.0,379900.0,379900.0,382600.0,"","","","","","","","",""
394798,76,"Little Rock, AR",Msa,AR,168739.0,171197.0,172887.0,175313.0,177494.0,179030.0,178754.0,177187.0,175651.0,175805.0,175835.0,175835.0,175037.0,175651.0,178447.0,182185.0,189251.0,194166.0,198138.0,198138.0,196571.0,195035.0,192639.0,191748.0,190826.0,191687.0,195373.0,199366.0,203974.0,205787.0,207015.0,205479.0,205510.0,206249.0,209782.0,211750.0,213867.0,214419.0,220000.0,225000.0,229833.0,230500.0,232167.0,232300.0,231300.0
395134,77,"Stockton, CA",Msa,CA,358934.0,360785.0,359247.0,360816.0,361773.0,368049.0,369618.0,368692.0,365519.0,362068.0,360185.0,358651.0,355827.0,354572.0,357396.0,369947.0,385323.0,397874.0,405718.0,411586.0,413453.0,411727.0,410849.0,412119.0,410707.0,408891.0,409048.0,410601.0,412135.0,418254.0,428938.0,441489.0,446510.0,447856.0,445032.0,446598.0,449755.0,463945.0,471667.0,486633.0,491633.0,513300.0,530000.0,546667.0,549667.0
394457,78,"Charleston, SC",Msa,SC,363775.0,366722.0,371300.0,377380.0,382013.0,384741.0,384726.0,380178.0,372902.0,366838.0,363199.0,360939.0,360363.0,364001.0,373235.0,381421.0,386727.0,387334.0,385515.0,378693.0,371082.0,365291.0,363745.0,363472.0,363351.0,365501.0,371865.0,375655.0,382601.0,387452.0,395942.0,401126.0,405071.0,408331.0,410864.0,414645.0,419642.0,429913.0,441660.0,456660.0,474660.0,489663.0,491333.0,476666.0,457302.0
395143,79,"Syracuse, NY",Msa,NY,131224.0,132399.0,135839.0,141543.0,144667.0,146101.0,147276.0,148451.0,148480.0,147304.0,146129.0,145843.0,145843.0,147276.0,150400.0,156133.0,161866.0,167183.0,168616.0,167068.0,164360.0,161493.0,160175.0,159028.0,159601.0,162468.0,166739.0,174507.0,181673.0,188867.0,192020.0,193454.0,193454.0,194254.0,191031.0,189193.0,187199.0,197623.0,211300.0,228000.0,237967.0,243300.0,239933.0,224967.0,209933.0
394484,80,"Colorado Springs, CO",Msa,CO,482340.0,480514.0,476130.0,472699.0,470836.0,458014.0,441941.0,425137.0,416041.0,412388.0,410954.0,410954.0,417529.0,426635.0,441247.0,449247.0,458379.0,463859.0,474818.0,476645.0,476279.0,470800.0,472626.0,471165.0,469375.0,465927.0,472319.0,480418.0,489382.0,492122.0,496809.0,496773.0,491293.0,480663.0,474918.0,473348.0,"","","","","","","","",""
395235,81,"Winston-Salem, NC",Msa,NC,209900.0,211600.0,213300.0,216633.0,218267.0,221933.0,231633.0,242333.0,250300.0,250267.0,246565.0,244598.0,244472.0,249140.0,256140.0,264967.0,275300.0,281933.0,285100.0,283133.0,281500.0,279967.0,278300.0,276467.0,274800.0,279433.0,284567.0,286933.0,290600.0,296933.0,306233.0,307616.0,303818.0,297151.0,289833.0,283942.0,280942.0,280243.0,281967.0,283333.0,285000.0,285815.0,287105.0,289198.0,302500.0
395224,82,"Wichita, KS",Msa,KS,176600.0,182600.0,190933.0,200933.0,206567.0,208233.0,206233.0,202900.0,200600.0,197963.0,193663.0,190163.0,189833.0,194133.0,202267.0,211233.0,220150.0,225205.0,224238.0,220355.0,216333.0,215000.0,213300.0,208267.0,202958.0,201325.0,209525.0,219767.0,234583.0,248750.0,261350.0,264767.0,"","","",228981.0,228130.0,234763.0,243097.0,247633.0,242030.0,231997.0,222663.0,214967.0,208333.0
395115,83,"Springfield, MA",Msa,MA,240885.0,240912.0,245607.0,254936.0,263957.0,268590.0,268590.0,264206.0,257707.0,251488.0,246855.0,241569.0,238460.0,236905.0,242471.0,251830.0,265512.0,274840.0,278229.0,277918.0,276084.0,273938.0,267533.0,262060.0,258951.0,262558.0,271450.0,283888.0,296605.0,308110.0,317719.0,323937.0,323284.0,321120.0,315822.0,308633.0,300333.0,301833.0,316633.0,339933.0,351567.0,352498.0,344165.0,337498.0,331267.0
394440,84,"Fort Myers, FL",Msa,FL,248337.0,248364.0,248364.0,249468.0,249441.0,249413.0,248282.0,248033.0,247785.0,247785.0,247785.0,246681.0,245944.0,245944.0,247048.0,247537.0,247537.0,247537.0,247261.0,246157.0,245025.0,245301.0,246654.0,250269.0,253304.0,258823.0,263487.0,264591.0,264616.0,265747.0,269887.0,271691.0,270588.0,270588.0,270855.0,270855.0,"","","","","","","","",""
394399,85,"Boise City, ID",Msa,ID,326300.0,342967.0,348300.0,354633.0,356819.0,361819.0,360452.0,354963.0,351626.0,348326.0,344993.0,341630.0,340963.0,345297.0,354663.0,368630.0,380963.0,388263.0,388297.0,384933.0,379967.0,374001.0,370368.0,368668.0,372627.0,379293.0,388219.0,393555.0,397189.0,403263.0,413263.0,421627.0,426627.0,431597.0,443378.0,453078.0,461411.0,469630.0,483300.0,505415.0,529081.0,551666.0,559915.0,556248.0,543660.0
395160,86,"Toledo, OH",Msa,OH,126933.0,126133.0,130667.0,137333.0,144800.0,148300.0,149933.0,147933.0,145767.0,143467.0,142133.0,140933.0,139900.0,139933.0,146633.0,158333.0,173333.0,181667.0,183300.0,179433.0,172767.0,167767.0,163267.0,161567.0,159900.0,159900.0,161567.0,166600.0,178639.0,190306.0,200640.0,208632.0,208665.0,206331.0,192966.0,185633.0,179267.0,185633.0,189300.0,189333.0,185500.0,182500.0,182467.0,176600.0,169600.0
394816,87,"Madison, WI",Msa,WI,293233.0,300233.0,309567.0,316233.0,318933.0,319600.0,319600.0,316567.0,311567.0,304933.0,301600.0,301600.0,306567.0,316567.0,328233.0,334900.0,337933.0,337633.0,336000.0,332967.0,328300.0,326600.0,324933.0,324900.0,326567.0,333233.0,341567.0,348233.0,351567.0,354600.0,354600.0,351300.0,343300.0,341400.0,341367.0,346667.0,352200.0,358867.0,363533.0,364933.0,368267.0,369967.0,371600.0,366967.0,363600.0
394766,88,"Lakeland, FL",Msa,FL,230100.0,230479.0,232098.0,235544.0,237266.0,237749.0,237749.0,237714.0,236302.0,234544.0,232474.0,232129.0,232129.0,232477.0,232512.0,233924.0,237008.0,239747.0,241294.0,240729.0,239913.0,238710.0,237914.0,237711.0,237711.0,239468.0,241341.0,242375.0,242238.0,242400.0,244809.0,247484.0,250620.0,252570.0,253912.0,255864.0,257855.0,260076.0,264397.0,274397.0,287157.0,298700.0,303733.0,307230.0,311395.0
394931,89,"Ogden, UT",Msa,UT,341744.0,350427.0,364376.0,377627.0,384566.0,387775.0,388437.0,385717.0,380731.0,374907.0,372466.0,374210.0,381463.0,389832.0,398236.0,405559.0,409046.0,405908.0,400294.0,395412.0,389135.0,379022.0,371838.0,371137.0,380378.0,391537.0,400259.0,401479.0,405873.0,416335.0,432062.0,439350.0,442802.0,443927.0,450497.0,458410.0,"","","","","","","","",""
394528,90,"Daytona Beach, FL",Msa,FL,273782.0,274523.0,276014.0,279060.0,283770.0,288745.0,292097.0,291724.0,288627.0,284903.0,281551.0,279571.0,278894.0,278927.0,280959.0,285360.0,290269.0,293312.0,292297.0,289047.0,285292.0,282482.0,281500.0,281873.0,282685.0,285394.0,288102.0,288407.0,286714.0,286003.0,289253.0,292300.0,294665.0,294953.0,296612.0,296255.0,296621.0,298789.0,303963.0,314967.0,324967.0,336330.0,341663.0,346330.0,347967.0
394531,91,"Des Moines, IA",Msa,IA,280767.0,284400.0,289733.0,295267.0,298433.0,299633.0,298989.0,295656.0,292156.0,289567.0,287933.0,284933.0,282967.0,283767.0,287067.0,290100.0,290933.0,290933.0,288018.0,283051.0,276418.0,268633.0,263600.0,259600.0,260630.0,263963.0,269597.0,273233.0,276567.0,279930.0,282743.0,282107.0,278777.0,274497.0,271800.0,270800.0,272300.0,275667.0,281400.0,289827.0,300405.0,310172.0,318378.0,319433.0,316597.0
395006,100,"Provo, UT",Msa,UT,388803.0,396542.0,407155.0,412341.0,408478.0,401483.0,397690.0,396524.0,394784.0,391618.0,386206.0,382761.0,382448.0,386589.0,394241.0,399461.0,401722.0,401031.0,402771.0,405064.0,406421.0,404299.0,401449.0,400787.0,402910.0,409453.0,419162.0,423582.0,428593.0,433813.0,449624.0,464901.0,477986.0,485243.0,495717.0,506679.0,518820.0,525284.0,519967.0,521450.0,528117.0,544783.0,551633.0,554548.0,552882.0
394549,104,"Durham, NC",Msa,NC,363222.0,367770.0,375653.0,383536.0,387342.0,384583.0,380035.0,371681.0,366860.0,363798.0,363494.0,363192.0,362919.0,367992.0,377361.0,386759.0,391085.0,390479.0,387447.0,381383.0,372924.0,363828.0,359280.0,359250.0,366072.0,376684.0,390357.0,395572.0,397664.0,399180.0,407761.0,417493.0,422950.0,426703.0,427120.0,426256.0,425309.0,428695.0,437667.0,461752.0,477385.0,489019.0,478267.0,473300.0,470000.0
394602,159,"Fort Collins, CO",Msa,CO,432843.0,435774.0,437813.0,439473.0,443543.0,447544.0,445916.0,442791.0,436446.0,433191.0,429306.0,426767.0,425139.0,426126.0,428804.0,431083.0,434631.0,436804.0,436120.0,431237.0,426387.0,424792.0,425475.0,425475.0,429304.0,435490.0,446232.0,452137.0,455067.0,458138.0,462634.0,465879.0,461831.0,456392.0,453458.0,455054.0,"","","","","","","","",""
